,date,home_team,away_team,full_time_score,matchday,team_rating_home,team_rating_away,goals_scored_home,goals_conceded_home
0,2019-08-16,Athletic Club,Barcelona,1 - 0,1,0.4050904601165868,0.986608264174736,1,0
1,2019-08-17,Villarreal,Granada CF,4 - 4,1,0.4970517993607592,0.3081842969061015,4,4
2,2019-08-17,Leganes,Osasuna,0 - 1,1,0.1971389570237136,0.2285951337406359,0,1
3,2019-08-17,Mallorca,Eibar,2 - 1,1,0.0643315921940917,0.2696276321792293,2,1
4,2019-08-17,Celta Vigo,Real Madrid,1 - 3,1,0.2383737047639329,0.8815840912546358,1,3
5,2019-08-17,Valencia,Real Sociedad,1 - 1,1,0.4501293022380937,0.4578744536645446,1,1
6,2019-08-18,Alaves,Levante,1 - 0,1,0.2138669719037319,0.3126393903979445,1,0
7,2019-08-18,Espanyol,Sevilla,0 - 2,1,0.1426535236092993,0.624133781131376,0,2
8,2019-08-18,Atletico Madrid,Getafe,1 - 0,1,0.732187721932652,0.4643985931013752,1,0
9,2019-08-18,Real Betis,Valladolid,1 - 2,1,0.2849680777038143,0.2004964140884477,1,2
10,2019-08-23,Granada CF,Sevilla,0 - 1,2,0.3081842969061015,0.624133781131376,0,1
11,2019-08-23,Levante,Villarreal,2 - 1,2,0.3126393903979445,0.4970517993607592,2,1
12,2019-08-24,Getafe,Athletic Club,1 - 1,2,0.4643985931013752,0.4050904601165868,1,1
13,2019-08-24,Osasuna,Eibar,0 - 0,2,0.2285951337406359,0.2696276321792293,0,0
14,2019-08-24,Real Madrid,Valladolid,1 - 1,2,0.8815840912546358,0.2004964140884477,1,1
15,2019-08-24,Celta Vigo,Valencia,1 - 0,2,0.2383737047639329,0.4501293022380937,1,0
16,2019-08-25,Barcelona,Real Betis,5 - 2,2,0.986608264174736,0.2849680777038143,5,2
17,2019-08-25,Leganes,Atletico Madrid,0 - 1,2,0.1971389570237136,0.732187721932652,0,1
18,2019-08-25,Alaves,Espanyol,0 - 0,2,0.2138669719037319,0.1426535236092993,0,0
19,2019-08-25,Mallorca,Real Sociedad,0 - 1,2,0.0643315921940917,0.4578744536645446,0,1
20,2019-08-30,Sevilla,Celta Vigo,1 - 1,3,0.624133781131376,0.2383737047639329,1,1
21,2019-08-30,Athletic Club,Real Sociedad,2 - 0,3,0.4050904601165868,0.4578744536645446,2,0
22,2019-08-31,Osasuna,Barcelona,2 - 2,3,0.2285951337406359,0.986608264174736,2,2
23,2019-08-31,Getafe,Alaves,1 - 1,3,0.4643985931013752,0.2138669719037319,1,1
24,2019-08-31,Levante,Valladolid,2 - 0,3,0.3126393903979445,0.2004964140884477,2,0
25,2019-08-31,Real Betis,Leganes,2 - 1,3,0.2849680777038143,0.1971389570237136,2,1
26,2019-09-01,Villarreal,Real Madrid,2 - 2,3,0.4970517993607592,0.8815840912546358,2,2
27,2019-09-01,Espanyol,Granada CF,0 - 3,3,0.1426535236092993,0.3081842969061015,0,3
28,2019-09-01,Valencia,Mallorca,2 - 0,3,0.4501293022380937,0.0643315921940917,2,0
29,2019-09-01,Atletico Madrid,Eibar,3 - 2,3,0.732187721932652,0.2696276321792293,3,2
30,2019-09-13,Mallorca,Athletic Club,0 - 0,4,0.0643315921940917,0.4050904601165868,0,0
31,2019-09-14,Real Sociedad,Atletico Madrid,2 - 0,4,0.4578744536645446,0.732187721932652,2,0
32,2019-09-14,Barcelona,Valencia,5 - 2,4,0.986608264174736,0.4501293022380937,5,2
33,2019-09-14,Leganes,Villarreal,0 - 3,4,0.1971389570237136,0.4970517993607592,0,3
34,2019-09-14,Real Madrid,Levante,3 - 2,4,0.8815840912546358,0.3126393903979445,3,2
35,2019-09-15,Alaves,Sevilla,0 - 1,4,0.2138669719037319,0.624133781131376,0,1
36,2019-09-15,Real Betis,Getafe,1 - 1,4,0.2849680777038143,0.4643985931013752,1,1
37,2019-09-15,Celta Vigo,Granada CF,0 - 2,4,0.2383737047639329,0.3081842969061015,0,2
38,2019-09-15,Eibar,Espanyol,1 - 2,4,0.2696276321792293,0.1426535236092993,1,2
39,2019-09-15,Valladolid,Osasuna,1 - 1,4,0.2004964140884477,0.2285951337406359,1,1
40,2019-09-20,Osasuna,Real Betis,0 - 0,5,0.2285951337406359,0.2849680777038143,0,0
41,2019-09-21,Atletico Madrid,Celta Vigo,0 - 0,5,0.732187721932652,0.2383737047639329,0,0
42,2019-09-21,Granada CF,Barcelona,2 - 0,5,0.3081842969061015,0.986608264174736,2,0
43,2019-09-21,Levante,Eibar,0 - 0,5,0.3126393903979445,0.2696276321792293,0,0
44,2019-09-21,Villarreal,Valladolid,2 - 0,5,0.4970517993607592,0.2004964140884477,2,0
45,2019-09-22,Espanyol,Real Sociedad,1 - 3,5,0.1426535236092993,0.4578744536645446,1,3
46,2019-09-22,Getafe,Mallorca,4 - 2,5,0.4643985931013752,0.0643315921940917,4,2
47,2019-09-22,Sevilla,Real Madrid,0 - 1,5,0.624133781131376,0.8815840912546358,0,1
48,2019-09-22,Valencia,Leganes,1 - 1,5,0.4501293022380937,0.1971389570237136,1,1
49,2019-09-22,Athletic Club,Alaves,2 - 0,5,0.4050904601165868,0.2138669719037319,2,0
50,2019-09-24,Valladolid,Granada CF,1 - 1,6,0.2004964140884477,0.3081842969061015,1,1
51,2019-09-24,Real Betis,Levante,3 - 1,6,0.2849680777038143,0.3126393903979445,3,1
52,2019-09-24,Barcelona,Villarreal,2 - 1,6,0.986608264174736,0.4970517993607592,2,1
53,2019-09-25,Leganes,Athletic Club,1 - 1,6,0.1971389570237136,0.4050904601165868,1,1
54,2019-09-25,Mallorca,Atletico Madrid,0 - 2,6,0.0643315921940917,0.732187721932652,0,2
55,2019-09-25,Real Madrid,Osasuna,2 - 0,6,0.8815840912546358,0.2285951337406359,2,0
56,2019-09-25,Valencia,Getafe,3 - 3,6,0.4501293022380937,0.4643985931013752,3,3
57,2019-09-26,Celta Vigo,Espanyol,1 - 1,6,0.2383737047639329,0.1426535236092993,1,1
58,2019-09-26,Eibar,Sevilla,3 - 2,6,0.2696276321792293,0.624133781131376,3,2
59,2019-09-26,Real Sociedad,Alaves,3 - 0,6,0.4578744536645446,0.2138669719037319,3,0
60,2019-09-27,Villarreal,Real Betis,5 - 1,7,0.4970517993607592,0.2849680777038143,5,1
61,2019-09-28,Getafe,Barcelona,0 - 2,7,0.4643985931013752,0.986608264174736,0,2
62,2019-09-28,Granada CF,Leganes,1 - 0,7,0.3081842969061015,0.1971389570237136,1,0
63,2019-09-28,Athletic Club,Valencia,0 - 1,7,0.4050904601165868,0.4501293022380937,0,1
64,2019-09-28,Atletico Madrid,Real Madrid,0 - 0,7,0.732187721932652,0.8815840912546358,0,0
65,2019-09-29,Eibar,Celta Vigo,2 - 0,7,0.2696276321792293,0.2383737047639329,2,0
66,2019-09-29,Espanyol,Valladolid,0 - 2,7,0.1426535236092993,0.2004964140884477,0,2
67,2019-09-29,Alaves,Mallorca,2 - 0,7,0.2138669719037319,0.0643315921940917,2,0
68,2019-09-29,Levante,Osasuna,1 - 1,7,0.3126393903979445,0.2285951337406359,1,1
69,2019-09-29,Sevilla,Real Sociedad,3 - 2,7,0.624133781131376,0.4578744536645446,3,2
70,2019-10-04,Real Betis,Eibar,1 - 1,8,0.2849680777038143,0.2696276321792293,1,1
71,2019-10-05,Valencia,Alaves,2 - 1,8,0.4501293022380937,0.2138669719037319,2,1
72,2019-10-05,Leganes,Levante,1 - 2,8,0.1971389570237136,0.3126393903979445,1,2
73,2019-10-05,Real Madrid,Granada CF,4 - 2,8,0.8815840912546358,0.3081842969061015,4,2
74,2019-10-05,Osasuna,Villarreal,2 - 1,8,0.2285951337406359,0.4970517993607592,2,1
75,2019-10-06,Valladolid,Atletico Madrid,0 - 0,8,0.2004964140884477,0.732187721932652,0,0
76,2019-10-06,Real Sociedad,Getafe,1 - 2,8,0.4578744536645446,0.4643985931013752,1,2
77,2019-10-06,Celta Vigo,Athletic Club,1 - 0,8,0.2383737047639329,0.4050904601165868,1,0
78,2019-10-06,Barcelona,Sevilla,4 - 0,8,0.986608264174736,0.624133781131376,4,0
79,2019-10-06,Mallorca,Espanyol,2 - 0,8,0.0643315921940917,0.1426535236092993,2,0
80,2019-10-18,Granada CF,Osasuna,1 - 0,9,0.3081842969061015,0.2285951337406359,1,0
81,2019-10-19,Atletico Madrid,Valencia,1 - 1,9,0.732187721932652,0.4501293022380937,1,1
82,2019-10-19,Eibar,Barcelona,0 - 3,9,0.2696276321792293,0.986608264174736,0,3
83,2019-10-19,Getafe,Leganes,2 - 0,9,0.4643985931013752,0.1971389570237136,2,0
84,2019-10-19,Mallorca,Real Madrid,1 - 0,9,0.0643315921940917,0.8815840912546358,1,0
85,2019-10-20,Alaves,Celta Vigo,2 - 0,9,0.2138669719037319,0.2383737047639329,2,0
86,2019-10-20,Athletic Club,Valladolid,1 - 1,9,0.4050904601165868,0.2004964140884477,1,1
87,2019-10-20,Espanyol,Villarreal,0 - 1,9,0.1426535236092993,0.4970517993607592,0,1
88,2019-10-20,Real Sociedad,Real Betis,3 - 1,9,0.4578744536645446,0.2849680777038143,3,1
89,2019-10-20,Sevilla,Levante,1 - 0,9,0.624133781131376,0.3126393903979445,1,0
90,2019-10-25,Villarreal,Alaves,4 - 1,10,0.4970517993607592,0.2138669719037319,4,1
91,2019-10-26,Valladolid,Eibar,2 - 0,10,0.2004964140884477,0.2696276321792293,2,0
92,2019-10-26,Leganes,Mallorca,1 - 0,10,0.1971389570237136,0.0643315921940917,1,0
93,2019-10-26,Atletico Madrid,Athletic Club,2 - 0,10,0.732187721932652,0.4050904601165868,2,0
94,2019-10-27,Celta Vigo,Real Sociedad,0 - 1,10,0.2383737047639329,0.4578744536645446,0,1
95,2019-10-27,Levante,Espanyol,0 - 1,10,0.3126393903979445,0.1426535236092993,0,1
96,2019-10-27,Osasuna,Valencia,3 - 1,10,0.2285951337406359,0.4501293022380937,3,1
97,2019-10-27,Sevilla,Getafe,2 - 0,10,0.624133781131376,0.4643985931013752,2,0
98,2019-10-27,Granada CF,Real Betis,1 - 0,10,0.3081842969061015,0.2849680777038143,1,0
99,2019-10-29,Alaves,Atletico Madrid,1 - 1,11,0.2138669719037319,0.732187721932652,1,1
100,2019-10-29,Barcelona,Valladolid,5 - 1,11,0.986608264174736,0.2004964140884477,5,1
101,2019-10-30,Valencia,Sevilla,1 - 1,11,0.4501293022380937,0.624133781131376,1,1
102,2019-10-30,Athletic Club,Espanyol,3 - 0,11,0.4050904601165868,0.1426535236092993,3,0
103,2019-10-30,Real Betis,Celta Vigo,2 - 1,11,0.2849680777038143,0.2383737047639329,2,1
104,2019-10-30,Real Sociedad,Levante,1 - 2,11,0.4578744536645446,0.3126393903979445,1,2
105,2019-10-30,Real Madrid,Leganes,5 - 0,11,0.8815840912546358,0.1971389570237136,5,0
106,2019-10-31,Eibar,Villarreal,2 - 1,11,0.2696276321792293,0.4970517993607592,2,1
107,2019-10-31,Getafe,Granada CF,3 - 1,11,0.4643985931013752,0.3081842969061015,3,1
108,2019-10-31,Mallorca,Osasuna,2 - 2,11,0.0643315921940917,0.2285951337406359,2,2
109,2019-11-02,Real Madrid,Real Betis,0 - 0,12,0.8815840912546358,0.2849680777038143,0,0
110,2019-11-02,Espanyol,Valencia,1 - 2,12,0.1426535236092993,0.4501293022380937,1,2
111,2019-11-02,Sevilla,Atletico Madrid,1 - 1,12,0.624133781131376,0.732187721932652,1,1
112,2019-11-02,Levante,Barcelona,3 - 1,12,0.3126393903979445,0.986608264174736,3,1
113,2019-11-03,Valladolid,Mallorca,3 - 0,12,0.2004964140884477,0.0643315921940917,3,0
114,2019-11-03,Villarreal,Athletic Club,0 - 0,12,0.4970517993607592,0.4050904601165868,0,0
115,2019-11-03,Granada CF,Real Sociedad,1 - 2,12,0.3081842969061015,0.4578744536645446,1,2
116,2019-11-03,Leganes,Eibar,1 - 2,12,0.1971389570237136,0.2696276321792293,1,2
117,2019-11-03,Celta Vigo,Getafe,0 - 1,12,0.2383737047639329,0.4643985931013752,0,1
118,2019-11-03,Osasuna,Alaves,4 - 2,12,0.2285951337406359,0.2138669719037319,4,2
119,2019-11-08,Real Sociedad,Leganes,1 - 1,13,0.4578744536645446,0.1971389570237136,1,1
120,2019-11-09,Alaves,Valladolid,3 - 0,13,0.2138669719037319,0.2004964140884477,3,0
121,2019-11-09,Barcelona,Celta Vigo,4 - 1,13,0.986608264174736,0.2383737047639329,4,1
122,2019-11-09,Eibar,Real Madrid,0 - 4,13,0.2696276321792293,0.8815840912546358,0,4
123,2019-11-09,Valencia,Granada CF,2 - 0,13,0.4501293022380937,0.3081842969061015,2,0
124,2019-11-10,Athletic Club,Levante,2 - 1,13,0.4050904601165868,0.3126393903979445,2,1
125,2019-11-10,Atletico Madrid,Espanyol,3 - 1,13,0.732187721932652,0.1426535236092993,3,1
126,2019-11-10,Real Betis,Sevilla,1 - 2,13,0.2849680777038143,0.624133781131376,1,2
127,2019-11-10,Getafe,Osasuna,0 - 0,13,0.4643985931013752,0.2285951337406359,0,0
128,2019-11-10,Mallorca,Villarreal,3 - 1,13,0.0643315921940917,0.4970517993607592,3,1
129,2019-11-22,Levante,Mallorca,2 - 1,14,0.3126393903979445,0.0643315921940917,2,1
130,2019-11-23,Leganes,Barcelona,1 - 2,14,0.1971389570237136,0.986608264174736,1,2
131,2019-11-23,Granada CF,Atletico Madrid,1 - 1,14,0.3081842969061015,0.732187721932652,1,1
132,2019-11-23,Real Madrid,Real Sociedad,3 - 1,14,0.8815840912546358,0.4578744536645446,3,1
133,2019-11-23,Real Betis,Valencia,2 - 1,14,0.2849680777038143,0.4501293022380937,2,1
134,2019-11-24,Eibar,Alaves,0 - 2,14,0.2696276321792293,0.2138669719037319,0,2
135,2019-11-24,Espanyol,Getafe,1 - 1,14,0.1426535236092993,0.4643985931013752,1,1
136,2019-11-24,Osasuna,Athletic Club,1 - 2,14,0.2285951337406359,0.4050904601165868,1,2
137,2019-11-24,Valladolid,Sevilla,0 - 1,14,0.2004964140884477,0.624133781131376,0,1
138,2019-11-24,Villarreal,Celta Vigo,1 - 3,14,0.4970517993607592,0.2383737047639329,1,3
139,2019-11-29,Celta Vigo,Valladolid,0 - 0,15,0.2383737047639329,0.2004964140884477,0,0
140,2019-11-30,Alaves,Real Madrid,1 - 2,15,0.2138669719037319,0.8815840912546358,1,2
141,2019-11-30,Mallorca,Real Betis,1 - 2,15,0.0643315921940917,0.2849680777038143,1,2
142,2019-11-30,Real Sociedad,Eibar,4 - 1,15,0.4578744536645446,0.2696276321792293,4,1
143,2019-11-30,Valencia,Villarreal,2 - 1,15,0.4501293022380937,0.4970517993607592,2,1
144,2019-12-01,Athletic Club,Granada CF,2 - 0,15,0.4050904601165868,0.3081842969061015,2,0
145,2019-12-01,Atletico Madrid,Barcelona,0 - 1,15,0.732187721932652,0.986608264174736,0,1
146,2019-12-01,Espanyol,Osasuna,2 - 4,15,0.1426535236092993,0.2285951337406359,2,4
147,2019-12-01,Getafe,Levante,4 - 0,15,0.4643985931013752,0.3126393903979445,4,0
148,2019-12-01,Sevilla,Leganes,1 - 0,15,0.624133781131376,0.1971389570237136,1,0
149,2019-12-06,Villarreal,Atletico Madrid,0 - 0,16,0.4970517993607592,0.732187721932652,0,0
150,2019-12-07,Granada CF,Alaves,3 - 0,16,0.3081842969061015,0.2138669719037319,3,0
151,2019-12-07,Barcelona,Mallorca,5 - 2,16,0.986608264174736,0.0643315921940917,5,2
152,2019-12-07,Real Madrid,Espanyol,2 - 0,16,0.8815840912546358,0.1426535236092993,2,0
153,2019-12-07,Levante,Valencia,2 - 4,16,0.3126393903979445,0.4501293022380937,2,4
154,2019-12-08,Valladolid,Real Sociedad,0 - 0,16,0.2004964140884477,0.4578744536645446,0,0
155,2019-12-08,Osasuna,Sevilla,1 - 1,16,0.2285951337406359,0.624133781131376,1,1
156,2019-12-08,Eibar,Getafe,0 - 1,16,0.2696276321792293,0.4643985931013752,0,1
157,2019-12-08,Real Betis,Athletic Club,3 - 2,16,0.2849680777038143,0.4050904601165868,3,2
158,2019-12-08,Leganes,Celta Vigo,3 - 2,16,0.1971389570237136,0.2383737047639329,3,2
159,2019-12-13,Alaves,Leganes,1 - 1,17,0.2138669719037319,0.1971389570237136,1,1
160,2019-12-14,Athletic Club,Eibar,0 - 0,17,0.4050904601165868,0.2696276321792293,0,0
161,2019-12-14,Atletico Madrid,Osasuna,2 - 0,17,0.732187721932652,0.2285951337406359,2,0
162,2019-12-14,Real Sociedad,Barcelona,2 - 2,17,0.4578744536645446,0.986608264174736,2,2
163,2019-12-14,Granada CF,Levante,1 - 2,17,0.3081842969061015,0.3126393903979445,1,2
164,2019-12-15,Valencia,Real Madrid,1 - 1,17,0.4501293022380937,0.8815840912546358,1,1
165,2019-12-15,Sevilla,Villarreal,1 - 2,17,0.624133781131376,0.4970517993607592,1,2
166,2019-12-15,Espanyol,Real Betis,2 - 2,17,0.1426535236092993,0.2849680777038143,2,2
167,2019-12-15,Celta Vigo,Mallorca,2 - 2,17,0.2383737047639329,0.0643315921940917,2,2
168,2019-12-15,Getafe,Valladolid,2 - 0,17,0.4643985931013752,0.2004964140884477,2,0
169,2019-10-27 00:00:00,Barcelona,Real Madrid,0 - 0,10,0.986608264174736,0.8815840912546358,0,0
170,2019-12-20,Eibar,Granada CF,3 - 0,18,0.2696276321792293,0.3081842969061015,3,0
171,2019-12-21,Valladolid,Valencia,1 - 1,18,0.2004964140884477,0.4501293022380937,1,1
172,2019-12-21,Barcelona,Alaves,4 - 1,18,0.986608264174736,0.2138669719037319,4,1
173,2019-12-21,Mallorca,Sevilla,0 - 2,18,0.0643315921940917,0.624133781131376,0,2
174,2019-12-21,Villarreal,Getafe,1 - 0,18,0.4970517993607592,0.4643985931013752,1,0
175,2019-12-22,Real Betis,Atletico Madrid,1 - 2,18,0.2849680777038143,0.732187721932652,1,2
176,2019-12-22,Leganes,Espanyol,2 - 0,18,0.1971389570237136,0.1426535236092993,2,0
177,2019-12-22,Levante,Celta Vigo,3 - 1,18,0.3126393903979445,0.2383737047639329,3,1
178,2019-12-22,Osasuna,Real Sociedad,3 - 4,18,0.2285951337406359,0.4578744536645446,3,4
179,2019-12-22,Real Madrid,Athletic Club,0 - 0,18,0.8815840912546358,0.4050904601165868,0,0
180,2020-01-03,Sevilla,Athletic Club,1 - 1,19,0.624133781131376,0.4050904601165868,1,1
181,2020-01-03,Valladolid,Leganes,2 - 2,19,0.2004964140884477,0.1971389570237136,2,2
182,2020-01-04,Espanyol,Barcelona,2 - 2,19,0.1426535236092993,0.986608264174736,2,2
183,2020-01-04,Getafe,Real Madrid,0 - 3,19,0.4643985931013752,0.8815840912546358,0,3
184,2020-01-04,Valencia,Eibar,1 - 0,19,0.4501293022380937,0.2696276321792293,1,0
185,2020-01-04,Atletico Madrid,Levante,2 - 1,19,0.732187721932652,0.3126393903979445,2,1
186,2020-01-05,Celta Vigo,Osasuna,1 - 1,19,0.2383737047639329,0.2285951337406359,1,1
187,2020-01-05,Granada CF,Mallorca,1 - 0,19,0.3081842969061015,0.0643315921940917,1,0
188,2020-01-05,Real Sociedad,Villarreal,1 - 2,19,0.4578744536645446,0.4970517993607592,1,2
189,2020-01-05,Alaves,Real Betis,1 - 1,19,0.2138669719037319,0.2849680777038143,1,1
190,2020-01-17,Leganes,Getafe,0 - 3,20,0.1971389570237136,0.4643985931013752,0,3
191,2020-01-18,Real Madrid,Sevilla,2 - 1,20,0.8815840912546358,0.624133781131376,2,1
192,2020-01-18,Osasuna,Valladolid,0 - 0,20,0.2285951337406359,0.2004964140884477,0,0
193,2020-01-18,Eibar,Atletico Madrid,2 - 0,20,0.2696276321792293,0.732187721932652,2,0
194,2020-01-18,Levante,Alaves,0 - 1,20,0.3126393903979445,0.2138669719037319,0,1
195,2020-01-19,Villarreal,Espanyol,1 - 2,20,0.4970517993607592,0.1426535236092993,1,2
196,2020-01-19,Real Betis,Real Sociedad,3 - 0,20,0.2849680777038143,0.4578744536645446,3,0
197,2020-01-19,Barcelona,Granada CF,1 - 0,20,0.986608264174736,0.3081842969061015,1,0
198,2020-01-19,Athletic Club,Celta Vigo,1 - 1,20,0.4050904601165868,0.2383737047639329,1,1
199,2020-01-19,Mallorca,Valencia,4 - 1,20,0.0643315921940917,0.4501293022380937,4,1
200,2020-01-24,Osasuna,Levante,2 - 0,21,0.2285951337406359,0.3126393903979445,2,0
201,2020-01-25,Sevilla,Granada CF,2 - 0,21,0.624133781131376,0.3081842969061015,2,0
202,2020-01-25,Espanyol,Athletic Club,1 - 1,21,0.1426535236092993,0.4050904601165868,1,1
203,2020-01-25,Valencia,Barcelona,2 - 0,21,0.4501293022380937,0.986608264174736,2,0
204,2020-01-25,Alaves,Villarreal,1 - 2,21,0.2138669719037319,0.4970517993607592,1,2
205,2020-01-26,Getafe,Real Betis,1 - 0,21,0.4643985931013752,0.2849680777038143,1,0
206,2020-01-26,Atletico Madrid,Leganes,0 - 0,21,0.732187721932652,0.1971389570237136,0,0
207,2020-01-26,Real Sociedad,Mallorca,3 - 0,21,0.4578744536645446,0.0643315921940917,3,0
208,2020-01-26,Celta Vigo,Eibar,0 - 0,21,0.2383737047639329,0.2696276321792293,0,0
209,2020-01-26,Valladolid,Real Madrid,0 - 1,21,0.2004964140884477,0.8815840912546358,0,1
210,2020-02-01,Valencia,Celta Vigo,1 - 0,22,0.4501293022380937,0.2383737047639329,1,0
211,2020-02-01,Real Madrid,Atletico Madrid,1 - 0,22,0.8815840912546358,0.732187721932652,1,0
212,2020-02-01,Granada CF,Espanyol,2 - 1,22,0.3081842969061015,0.1426535236092993,2,1
213,2020-02-01,Mallorca,Valladolid,0 - 1,22,0.0643315921940917,0.2004964140884477,0,1
214,2020-02-02,Sevilla,Alaves,1 - 1,22,0.624133781131376,0.2138669719037319,1,1
215,2020-02-02,Villarreal,Osasuna,3 - 1,22,0.4970517993607592,0.2285951337406359,3,1
216,2020-02-02,Eibar,Real Betis,1 - 1,22,0.2696276321792293,0.2849680777038143,1,1
217,2020-02-02,Barcelona,Levante,2 - 1,22,0.986608264174736,0.3126393903979445,2,1
218,2020-02-02,Athletic Club,Getafe,0 - 2,22,0.4050904601165868,0.4643985931013752,0,2
219,2020-02-02,Leganes,Real Sociedad,2 - 1,22,0.1971389570237136,0.4578744536645446,2,1
220,2020-02-07,Alaves,Eibar,2 - 1,23,0.2138669719037319,0.2696276321792293,2,1
221,2020-02-08,Valladolid,Villarreal,1 - 1,23,0.2004964140884477,0.4970517993607592,1,1
222,2020-02-08,Levante,Leganes,2 - 0,23,0.3126393903979445,0.1971389570237136,2,0
223,2020-02-08,Getafe,Valencia,3 - 0,23,0.4643985931013752,0.4501293022380937,3,0
224,2020-02-08,Atletico Madrid,Granada CF,1 - 0,23,0.732187721932652,0.3081842969061015,1,0
225,2020-02-09,Espanyol,Mallorca,1 - 0,23,0.1426535236092993,0.0643315921940917,1,0
226,2020-02-09,Real Betis,Barcelona,2 - 3,23,0.2849680777038143,0.986608264174736,2,3
227,2020-02-09,Osasuna,Real Madrid,1 - 4,23,0.2285951337406359,0.8815840912546358,1,4
228,2020-02-09,Real Sociedad,Athletic Club,2 - 1,23,0.4578744536645446,0.4050904601165868,2,1
229,2020-02-09,Celta Vigo,Sevilla,2 - 1,23,0.2383737047639329,0.624133781131376,2,1
230,2020-02-14,Valencia,Atletico Madrid,2 - 2,24,0.4501293022380937,0.732187721932652,2,2
231,2020-02-15,Villarreal,Levante,2 - 1,24,0.4970517993607592,0.3126393903979445,2,1
232,2020-02-15,Barcelona,Getafe,2 - 1,24,0.986608264174736,0.4643985931013752,2,1
233,2020-02-15,Granada CF,Valladolid,2 - 1,24,0.3081842969061015,0.2004964140884477,2,1
234,2020-02-15,Mallorca,Alaves,1 - 0,24,0.0643315921940917,0.2138669719037319,1,0
235,2020-02-16,Sevilla,Espanyol,2 - 2,24,0.624133781131376,0.1426535236092993,2,2
236,2020-02-16,Leganes,Real Betis,0 - 0,24,0.1971389570237136,0.2849680777038143,0,0
237,2020-02-16,Real Madrid,Celta Vigo,2 - 2,24,0.8815840912546358,0.2383737047639329,2,2
238,2020-02-16,Athletic Club,Osasuna,0 - 1,24,0.4050904601165868,0.2285951337406359,0,1
239,2020-02-21,Real Betis,Mallorca,3 - 3,25,0.2849680777038143,0.0643315921940917,3,3
240,2020-02-22,Real Sociedad,Valencia,3 - 0,25,0.4578744536645446,0.4501293022380937,3,0
241,2020-02-22,Levante,Real Madrid,1 - 0,25,0.3126393903979445,0.8815840912546358,1,0
242,2020-02-22,Barcelona,Eibar,5 - 0,25,0.986608264174736,0.2696276321792293,5,0
243,2020-02-22,Celta Vigo,Leganes,1 - 0,25,0.2383737047639329,0.1971389570237136,1,0
244,2020-02-23,Osasuna,Granada CF,0 - 3,25,0.2285951337406359,0.3081842969061015,0,3
245,2020-02-23,Valladolid,Espanyol,2 - 1,25,0.2004964140884477,0.1426535236092993,2,1
246,2020-02-23,Atletico Madrid,Villarreal,3 - 1,25,0.732187721932652,0.4970517993607592,3,1
247,2020-02-23,Alaves,Athletic Club,2 - 1,25,0.2138669719037319,0.4050904601165868,2,1
248,2020-02-23,Getafe,Sevilla,0 - 3,25,0.4643985931013752,0.624133781131376,0,3
249,2020-02-28,Real Sociedad,Valladolid,1 - 0,26,0.4578744536645446,0.2004964140884477,1,0
250,2020-02-29,Eibar,Levante,3 - 0,26,0.2696276321792293,0.3126393903979445,3,0
251,2020-02-29,Granada CF,Celta Vigo,0 - 0,26,0.3081842969061015,0.2383737047639329,0,0
252,2020-02-29,Leganes,Alaves,1 - 1,26,0.1971389570237136,0.2138669719037319,1,1
253,2020-02-29,Valencia,Real Betis,2 - 1,26,0.4501293022380937,0.2849680777038143,2,1
254,2020-03-01,Athletic Club,Villarreal,1 - 0,26,0.4050904601165868,0.4970517993607592,1,0
255,2020-03-01,Espanyol,Atletico Madrid,1 - 1,26,0.1426535236092993,0.732187721932652,1,1
256,2020-03-01,Mallorca,Getafe,0 - 1,26,0.0643315921940917,0.4643985931013752,0,1
257,2020-03-01,Real Madrid,Barcelona,2 - 0,26,0.8815840912546358,0.986608264174736,2,0
258,2020-03-01,Sevilla,Osasuna,3 - 2,26,0.624133781131376,0.2285951337406359,3,2
259,2020-03-06,Alaves,Valencia,1 - 1,27,0.2138669719037319,0.4501293022380937,1,1
260,2020-03-07,Getafe,Celta Vigo,0 - 0,27,0.4643985931013752,0.2383737047639329,0,0
261,2020-03-07,Eibar,Mallorca,1 - 2,27,0.2696276321792293,0.0643315921940917,1,2
262,2020-03-07,Barcelona,Real Sociedad,1 - 0,27,0.986608264174736,0.4578744536645446,1,0
263,2020-03-07,Atletico Madrid,Sevilla,2 - 2,27,0.732187721932652,0.624133781131376,2,2
264,2020-03-08,Real Betis,Real Madrid,2 - 1,27,0.2849680777038143,0.8815840912546358,2,1
265,2020-03-08,Levante,Granada CF,1 - 1,27,0.3126393903979445,0.3081842969061015,1,1
266,2020-03-08,Osasuna,Espanyol,1 - 0,27,0.2285951337406359,0.1426535236092993,1,0
267,2020-03-08,Villarreal,Leganes,1 - 2,27,0.4970517993607592,0.1971389570237136,1,2
268,2020-03-08,Valladolid,Athletic Club,1 - 4,27,0.2004964140884477,0.4050904601165868,1,4
269,2019-10-27 00:00:00,Eibar,Real Sociedad,1 - 2,24,0.2696276321792293,0.4578744536645446,1,2
270,2020-06-11,Sevilla,Real Betis,2 - 0,28,0.624133781131376,0.2849680777038143,2,0
271,2020-06-12,Valencia,Levante,1 - 1,28,0.4501293022380937,0.3126393903979445,1,1
272,2020-06-12,Granada CF,Getafe,2 - 1,28,0.3081842969061015,0.4643985931013752,2,1
273,2020-06-13,Mallorca,Barcelona,0 - 4,28,0.0643315921940917,0.986608264174736,0,4
274,2020-06-13,Espanyol,Alaves,2 - 0,28,0.1426535236092993,0.2138669719037319,2,0
275,2020-06-13,Celta Vigo,Villarreal,0 - 1,28,0.2383737047639329,0.4970517993607592,0,1
276,2020-06-13,Leganes,Valladolid,1 - 2,28,0.1971389570237136,0.2004964140884477,1,2
277,2020-06-14,Real Madrid,Eibar,3 - 1,28,0.8815840912546358,0.2696276321792293,3,1
278,2020-06-14,Real Sociedad,Osasuna,1 - 1,28,0.4578744536645446,0.2285951337406359,1,1
279,2020-06-14,Athletic Club,Atletico Madrid,1 - 1,28,0.4050904601165868,0.732187721932652,1,1
280,2020-06-15,Levante,Sevilla,1 - 1,29,0.3126393903979445,0.624133781131376,1,1
281,2020-06-15,Real Betis,Granada CF,2 - 2,29,0.2849680777038143,0.3081842969061015,2,2
282,2020-06-16,Getafe,Espanyol,0 - 0,29,0.4643985931013752,0.1426535236092993,0,0
283,2020-06-16,Villarreal,Mallorca,1 - 0,29,0.4970517993607592,0.0643315921940917,1,0
284,2020-06-16,Barcelona,Leganes,2 - 0,29,0.986608264174736,0.1971389570237136,2,0
285,2020-06-17,Valladolid,Celta Vigo,0 - 0,29,0.2004964140884477,0.2383737047639329,0,0
286,2020-06-17,Eibar,Athletic Club,2 - 2,29,0.2696276321792293,0.4050904601165868,2,2
287,2020-06-17,Osasuna,Atletico Madrid,0 - 5,29,0.2285951337406359,0.732187721932652,0,5
288,2020-06-18,Alaves,Real Sociedad,2 - 0,29,0.2138669719037319,0.4578744536645446,2,0
289,2020-06-18,Real Madrid,Valencia,3 - 0,29,0.8815840912546358,0.4501293022380937,3,0
290,2020-06-19,Granada CF,Villarreal,0 - 1,30,0.3081842969061015,0.4970517993607592,0,1
291,2020-06-19,Mallorca,Leganes,1 - 1,30,0.0643315921940917,0.1971389570237136,1,1
292,2020-06-19,Sevilla,Barcelona,0 - 0,30,0.624133781131376,0.986608264174736,0,0
293,2020-06-20,Athletic Club,Real Betis,1 - 0,30,0.4050904601165868,0.2849680777038143,1,0
294,2020-06-20,Atletico Madrid,Valladolid,1 - 0,30,0.732187721932652,0.2004964140884477,1,0
295,2020-06-20,Espanyol,Levante,1 - 3,30,0.1426535236092993,0.3126393903979445,1,3
296,2020-06-20,Getafe,Eibar,1 - 1,30,0.4643985931013752,0.2696276321792293,1,1
297,2020-06-21,Valencia,Osasuna,2 - 0,30,0.4501293022380937,0.2285951337406359,2,0
298,2020-06-21,Real Sociedad,Real Madrid,1 - 2,30,0.4578744536645446,0.8815840912546358,1,2
299,2020-06-21,Celta Vigo,Alaves,6 - 0,30,0.2383737047639329,0.2138669719037319,6,0
300,2020-06-22,Villarreal,Sevilla,2 - 2,31,0.4970517993607592,0.624133781131376,2,2
301,2020-06-22,Leganes,Granada CF,0 - 0,31,0.1971389570237136,0.3081842969061015,0,0
302,2020-06-23,Valladolid,Getafe,1 - 1,31,0.2004964140884477,0.4643985931013752,1,1
303,2020-06-23,Barcelona,Athletic Club,1 - 0,31,0.986608264174736,0.4050904601165868,1,0
304,2020-06-23,Levante,Atletico Madrid,0 - 1,31,0.3126393903979445,0.732187721932652,0,1
305,2020-06-24,Real Sociedad,Celta Vigo,0 - 1,31,0.4578744536645446,0.2383737047639329,0,1
306,2020-06-24,Alaves,Osasuna,0 - 1,31,0.2138669719037319,0.2285951337406359,0,1
307,2020-06-24,Real Madrid,Mallorca,2 - 0,31,0.8815840912546358,0.0643315921940917,2,0
308,2020-06-25,Eibar,Valencia,1 - 0,31,0.2696276321792293,0.4501293022380937,1,0
309,2020-06-25,Real Betis,Espanyol,1 - 0,31,0.2849680777038143,0.1426535236092993,1,0
310,2020-06-26,Sevilla,Valladolid,1 - 1,32,0.624133781131376,0.2004964140884477,1,1
311,2020-06-27,Osasuna,Leganes,2 - 1,32,0.2285951337406359,0.1971389570237136,2,1
312,2020-06-27,Athletic Club,Mallorca,3 - 1,32,0.4050904601165868,0.0643315921940917,3,1
313,2020-06-27,Atletico Madrid,Alaves,2 - 1,32,0.732187721932652,0.2138669719037319,2,1
314,2020-06-27,Celta Vigo,Barcelona,2 - 2,32,0.2383737047639329,0.986608264174736,2,2
315,2020-06-28,Espanyol,Real Madrid,0 - 1,32,0.1426535236092993,0.8815840912546358,0,1
316,2020-06-28,Granada CF,Eibar,1 - 2,32,0.3081842969061015,0.2696276321792293,1,2
317,2020-06-28,Levante,Real Betis,4 - 2,32,0.3126393903979445,0.2849680777038143,4,2
318,2020-06-28,Villarreal,Valencia,2 - 0,32,0.4970517993607592,0.4501293022380937,2,0
319,2020-06-29,Getafe,Real Sociedad,2 - 1,32,0.4643985931013752,0.4578744536645446,2,1
320,2020-06-30,Barcelona,Atletico Madrid,2 - 2,33,0.986608264174736,0.732187721932652,2,2
321,2020-06-30,Mallorca,Celta Vigo,5 - 1,33,0.0643315921940917,0.2383737047639329,5,1
322,2020-06-30,Leganes,Sevilla,0 - 3,33,0.1971389570237136,0.624133781131376,0,3
323,2020-07-01,Valladolid,Levante,0 - 0,33,0.2004964140884477,0.3126393903979445,0,0
324,2020-07-01,Valencia,Athletic Club,0 - 2,33,0.4501293022380937,0.4050904601165868,0,2
325,2020-07-01,Real Betis,Villarreal,0 - 2,33,0.2849680777038143,0.4970517993607592,0,2
326,2020-07-01,Alaves,Granada CF,0 - 2,33,0.2138669719037319,0.3081842969061015,0,2
327,2020-07-02,Real Madrid,Getafe,1 - 0,33,0.8815840912546358,0.4643985931013752,1,0
328,2020-07-02,Real Sociedad,Espanyol,2 - 1,33,0.4578744536645446,0.1426535236092993,2,1
329,2020-07-02,Eibar,Osasuna,0 - 2,33,0.2696276321792293,0.2285951337406359,0,2
330,2020-07-03,Atletico Madrid,Mallorca,3 - 0,34,0.732187721932652,0.0643315921940917,3,0
331,2020-07-04,Valladolid,Alaves,1 - 0,34,0.2004964140884477,0.2138669719037319,1,0
332,2020-07-04,Granada CF,Valencia,2 - 2,34,0.3081842969061015,0.4501293022380937,2,2
333,2020-07-04,Celta Vigo,Real Betis,1 - 1,34,0.2383737047639329,0.2849680777038143,1,1
334,2020-07-05,Espanyol,Leganes,0 - 1,34,0.1426535236092993,0.1971389570237136,0,1
335,2020-07-05,Osasuna,Getafe,0 - 0,34,0.2285951337406359,0.4643985931013752,0,0
336,2020-07-05,Villarreal,Barcelona,1 - 4,34,0.4970517993607592,0.986608264174736,1,4
337,2020-07-05,Athletic Club,Real Madrid,0 - 1,34,0.4050904601165868,0.8815840912546358,0,1
338,2020-07-06,Levante,Real Sociedad,1 - 1,34,0.3126393903979445,0.4578744536645446,1,1
339,2020-07-06,Sevilla,Eibar,1 - 0,34,0.624133781131376,0.2696276321792293,1,0
340,2020-07-07,Valencia,Valladolid,2 - 1,35,0.4501293022380937,0.2004964140884477,2,1
341,2020-07-07,Celta Vigo,Atletico Madrid,1 - 1,35,0.2383737047639329,0.732187721932652,1,1
342,2020-07-08,Getafe,Villarreal,1 - 3,35,0.4643985931013752,0.4970517993607592,1,3
343,2020-07-08,Barcelona,Espanyol,1 - 0,35,0.986608264174736,0.1426535236092993,1,0
344,2020-07-08,Real Betis,Osasuna,3 - 0,35,0.2849680777038143,0.2285951337406359,3,0
345,2020-07-09,Eibar,Leganes,0 - 0,35,0.2696276321792293,0.1971389570237136,0,0
346,2020-07-09,Mallorca,Levante,2 - 0,35,0.0643315921940917,0.3126393903979445,2,0
347,2020-07-09,Athletic Club,Sevilla,1 - 2,35,0.4050904601165868,0.624133781131376,1,2
348,2020-07-10,Real Madrid,Alaves,2 - 0,35,0.8815840912546358,0.2138669719037319,2,0
349,2020-07-10,Real Sociedad,Granada CF,2 - 3,35,0.4578744536645446,0.3081842969061015,2,3
350,2020-07-11,Osasuna,Celta Vigo,2 - 1,36,0.2285951337406359,0.2383737047639329,2,1
351,2020-07-11,Atletico Madrid,Real Betis,1 - 0,36,0.732187721932652,0.2849680777038143,1,0
352,2020-07-11,Valladolid,Barcelona,0 - 1,36,0.2004964140884477,0.986608264174736,0,1
353,2020-07-12,Espanyol,Eibar,0 - 2,36,0.1426535236092993,0.2696276321792293,0,2
354,2020-07-12,Leganes,Valencia,1 - 0,36,0.1971389570237136,0.4501293022380937,1,0
355,2020-07-12,Levante,Athletic Club,1 - 2,36,0.3126393903979445,0.4050904601165868,1,2
356,2020-07-12,Sevilla,Mallorca,2 - 0,36,0.624133781131376,0.0643315921940917,2,0
357,2020-07-13,Villarreal,Real Sociedad,1 - 2,36,0.4970517993607592,0.4578744536645446,1,2
358,2020-07-13,Granada CF,Real Madrid,1 - 2,36,0.3081842969061015,0.8815840912546358,1,2
359,2020-07-13,Alaves,Getafe,0 - 0,36,0.2138669719037319,0.4643985931013752,0,0
360,2020-07-16,Athletic Club,Leganes,0 - 2,37,0.4050904601165868,0.1971389570237136,0,2
361,2020-07-16,Barcelona,Osasuna,1 - 2,37,0.986608264174736,0.2285951337406359,1,2
362,2020-07-16,Real Betis,Alaves,1 - 2,37,0.2849680777038143,0.2138669719037319,1,2
363,2020-07-16,Celta Vigo,Levante,2 - 3,37,0.2383737047639329,0.3126393903979445,2,3
364,2020-07-16,Eibar,Valladolid,3 - 1,37,0.2696276321792293,0.2004964140884477,3,1
365,2020-07-16,Getafe,Atletico Madrid,0 - 2,37,0.4643985931013752,0.732187721932652,0,2
366,2020-07-16,Mallorca,Granada CF,1 - 2,37,0.0643315921940917,0.3081842969061015,1,2
367,2020-07-16,Real Madrid,Villarreal,2 - 1,37,0.8815840912546358,0.4970517993607592,2,1
368,2020-07-16,Real Sociedad,Sevilla,0 - 0,37,0.4578744536645446,0.624133781131376,0,0
369,2020-07-16,Valencia,Espanyol,1 - 0,37,0.4501293022380937,0.1426535236092993,1,0
370,2020-07-19,Levante,Getafe,1 - 0,38,0.3126393903979445,0.4643985931013752,1,0
371,2020-07-19,Sevilla,Valencia,1 - 0,38,0.624133781131376,0.4501293022380937,1,0
372,2020-07-19,Osasuna,Mallorca,2 - 2,38,0.2285951337406359,0.0643315921940917,2,2
373,2020-07-19,Leganes,Real Madrid,2 - 2,38,0.1971389570237136,0.8815840912546358,2,2
374,2020-07-19,Villarreal,Eibar,4 - 0,38,0.4970517993607592,0.2696276321792293,4,0
375,2020-07-19,Espanyol,Celta Vigo,0 - 0,38,0.1426535236092993,0.2383737047639329,0,0
376,2020-07-19,Atletico Madrid,Real Sociedad,1 - 1,38,0.732187721932652,0.4578744536645446,1,1
377,2020-07-19,Alaves,Barcelona,0 - 5,38,0.2138669719037319,0.986608264174736,0,5
378,2020-07-19,Granada CF,Athletic Club,4 - 0,38,0.3081842969061015,0.4050904601165868,4,0
379,2020-07-19,Valladolid,Real Betis,2 - 0,38,0.2004964140884477,0.2849680777038143,2,0
